{"meta":{"version":1,"warehouse":"5.0.1"},"models":{"Asset":[{"_id":"node_modules\\hexo-theme-landscape\\source\\fancybox\\jquery.fancybox.min.css","path":"fancybox/jquery.fancybox.min.css","modified":0,"renderable":1},{"_id":"node_modules\\hexo-theme-landscape\\source\\fancybox\\jquery.fancybox.min.js","path":"fancybox/jquery.fancybox.min.js","modified":0,"renderable":1},{"_id":"node_modules\\hexo-theme-landscape\\source\\css\\style.styl","path":"css/style.styl","modified":0,"renderable":1},{"_id":"node_modules\\hexo-theme-landscape\\source\\js\\jquery-3.6.4.min.js","path":"js/jquery-3.6.4.min.js","modified":0,"renderable":1},{"_id":"node_modules\\hexo-theme-landscape\\source\\js\\script.js","path":"js/script.js","modified":0,"renderable":1},{"_id":"node_modules\\hexo-theme-landscape\\source\\css\\images\\banner.jpg","path":"css/images/banner.jpg","modified":0,"renderable":1}],"Cache":[{"_id":"source\\_posts\\hello-world.md","hash":"7d98d6592de80fdcd2949bd7401cec12afd98cdf","modified":1715007514612},{"_id":"node_modules\\hexo-theme-landscape\\package.json","hash":"4bf95d52f77edf811f23f6d264a7493311a8d078","modified":1715007701694},{"_id":"node_modules\\hexo-theme-landscape\\LICENSE","hash":"c480fce396b23997ee23cc535518ffaaf7f458f8","modified":1715007701370},{"_id":"node_modules\\hexo-theme-landscape\\README.md","hash":"1a9b279e6dd29fd19245f913f0c4a316ffaa62db","modified":1715007701697},{"_id":"node_modules\\hexo-theme-landscape\\_config.yml","hash":"b608c1f1322760dce9805285a602a95832730a2e","modified":1715007701740},{"_id":"node_modules\\hexo-theme-landscape\\languages\\de.yml","hash":"3ebf0775abbee928c8d7bda943c191d166ded0d3","modified":1715007701744},{"_id":"node_modules\\hexo-theme-landscape\\languages\\default.yml","hash":"ea5e6aee4cb14510793ac4593a3bddffe23e530c","modified":1715007701745},{"_id":"node_modules\\hexo-theme-landscape\\languages\\en-GB.yml","hash":"ea5e6aee4cb14510793ac4593a3bddffe23e530c","modified":1715007701746},{"_id":"node_modules\\hexo-theme-landscape\\languages\\de-DE.yml","hash":"d29d1c4256b7ed9df42f511c2ff0a23ad5fd6c1f","modified":1715007701742},{"_id":"node_modules\\hexo-theme-landscape\\languages\\en.yml","hash":"3083f319b352d21d80fc5e20113ddf27889c9d11","modified":1715007701750},{"_id":"node_modules\\hexo-theme-landscape\\languages\\en-US.yml","hash":"ea5e6aee4cb14510793ac4593a3bddffe23e530c","modified":1715007701748},{"_id":"node_modules\\hexo-theme-landscape\\languages\\es-ES.yml","hash":"7008a8fc91f18d2a735864817b8ebda30c7a2c66","modified":1715007701752},{"_id":"node_modules\\hexo-theme-landscape\\languages\\fr-FR.yml","hash":"8d09dbdab00a30a2870b56f7c0a7ca7deafa7b88","modified":1715007701754},{"_id":"node_modules\\hexo-theme-landscape\\languages\\fr.yml","hash":"415e1c580ced8e4ce20b3b0aeedc3610341c76fb","modified":1715007701755},{"_id":"node_modules\\hexo-theme-landscape\\languages\\es.yml","hash":"76edb1171b86532ef12cfd15f5f2c1ac3949f061","modified":1715007701753},{"_id":"node_modules\\hexo-theme-landscape\\languages\\hu-HU.yml","hash":"712d18664898fa21ba38d4973e90ef41a324ea25","modified":1715007701757},{"_id":"node_modules\\hexo-theme-landscape\\languages\\it-IT.yml","hash":"2cb6dc2fab9bd2dbe1c8bb869a9e8bf85a564fdd","modified":1715007701761},{"_id":"node_modules\\hexo-theme-landscape\\languages\\it.yml","hash":"89b7d91306b2c1a0f3ac023b657bf974f798a1e8","modified":1715007701762},{"_id":"node_modules\\hexo-theme-landscape\\languages\\hu.yml","hash":"284d557130bf54a74e7dcef9d42096130e4d9550","modified":1715007701759},{"_id":"node_modules\\hexo-theme-landscape\\languages\\ja.yml","hash":"a73e1b9c80fd6e930e2628b393bfe3fb716a21a9","modified":1715007701765},{"_id":"node_modules\\hexo-theme-landscape\\languages\\mn-MN.yml","hash":"b9e5f3e7c0c2f779cf2cfded6db847b5941637ca","modified":1715007701768},{"_id":"node_modules\\hexo-theme-landscape\\languages\\ko.yml","hash":"881d6a0a101706e0452af81c580218e0bfddd9cf","modified":1715007701767},{"_id":"node_modules\\hexo-theme-landscape\\languages\\ko-KR.yml","hash":"19209ad8f9d4057e8df808937f950eb265e1db69","modified":1715007701766},{"_id":"node_modules\\hexo-theme-landscape\\languages\\mn.yml","hash":"2e7523951072a9403ead3840ad823edd1084c116","modified":1715007701769},{"_id":"node_modules\\hexo-theme-landscape\\languages\\nl-NL.yml","hash":"5ebbc30021f05d99938f96dfff280392df7f91f0","modified":1715007701770},{"_id":"node_modules\\hexo-theme-landscape\\languages\\pt-PT.yml","hash":"0f852b6b228e6ea59aa3540574bb89b233f2a098","modified":1715007701773},{"_id":"node_modules\\hexo-theme-landscape\\languages\\nl.yml","hash":"12ed59faba1fc4e8cdd1d42ab55ef518dde8039c","modified":1715007701771},{"_id":"node_modules\\hexo-theme-landscape\\languages\\no.yml","hash":"965a171e70347215ec726952e63f5b47930931ef","modified":1715007701772},{"_id":"node_modules\\hexo-theme-landscape\\languages\\ru.yml","hash":"4fda301bbd8b39f2c714e2c934eccc4b27c0a2b0","modified":1715007701776},{"_id":"node_modules\\hexo-theme-landscape\\languages\\ja-JP.yml","hash":"08481267e0c112e1f6855620f2837ec4c4a98bbd","modified":1715007701763},{"_id":"node_modules\\hexo-theme-landscape\\languages\\pt.yml","hash":"57d07b75d434fbfc33b0ddb543021cb5f53318a8","modified":1715007701774},{"_id":"node_modules\\hexo-theme-landscape\\languages\\ru-RU.yml","hash":"360d11a28bb768afb1dd15f63fa7fd3a8cc547ee","modified":1715007701775},{"_id":"node_modules\\hexo-theme-landscape\\languages\\tr.yml","hash":"a1cdbfa17682d7a971de8ab8588bf57c74224b5b","modified":1715007701780},{"_id":"node_modules\\hexo-theme-landscape\\languages\\zh-TW.yml","hash":"53ce3000c5f767759c7d2c4efcaa9049788599c3","modified":1715007701783},{"_id":"node_modules\\hexo-theme-landscape\\layout\\archive.ejs","hash":"2703b07cc8ac64ae46d1d263f4653013c7e1666b","modified":1715007701536},{"_id":"node_modules\\hexo-theme-landscape\\languages\\zh-CN.yml","hash":"1efd95774f401c80193eac6ee3f1794bfe93dc5a","modified":1715007701781},{"_id":"node_modules\\hexo-theme-landscape\\layout\\index.ejs","hash":"aa1b4456907bdb43e629be3931547e2d29ac58c8","modified":1715007701616},{"_id":"node_modules\\hexo-theme-landscape\\layout\\layout.ejs","hash":"0d1765036e4874500e68256fedb7470e96eeb6ee","modified":1715007701620},{"_id":"node_modules\\hexo-theme-landscape\\layout\\category.ejs","hash":"765426a9c8236828dc34759e604cc2c52292835a","modified":1715007701572},{"_id":"node_modules\\hexo-theme-landscape\\languages\\th.yml","hash":"84a55b00aa01f03982be294e43c33a20e6d32862","modified":1715007701779},{"_id":"node_modules\\hexo-theme-landscape\\layout\\page.ejs","hash":"7d80e4e36b14d30a7cd2ac1f61376d9ebf264e8b","modified":1715007701630},{"_id":"node_modules\\hexo-theme-landscape\\layout\\post.ejs","hash":"7d80e4e36b14d30a7cd2ac1f61376d9ebf264e8b","modified":1715007701633},{"_id":"node_modules\\hexo-theme-landscape\\layout\\tag.ejs","hash":"eaa7b4ccb2ca7befb90142e4e68995fb1ea68b2e","modified":1715007701647},{"_id":"node_modules\\hexo-theme-landscape\\scripts\\fancybox.js","hash":"c857d7a5e4a5d71c743a009c5932bf84229db428","modified":1715007701672},{"_id":"node_modules\\hexo-theme-landscape\\layout\\_partial\\archive.ejs","hash":"7cb70a7a54f8c7ae49b10d1f37c0a9b74eab8826","modified":1715007701494},{"_id":"node_modules\\hexo-theme-landscape\\layout\\_partial\\after-footer.ejs","hash":"377d257d5d16e0158a4405c72401517b074fd7ff","modified":1715007701452},{"_id":"node_modules\\hexo-theme-landscape\\languages\\th-TH.yml","hash":"ebfdba9bc4842c829473c1e6e4544344f182724d","modified":1715007701777},{"_id":"node_modules\\hexo-theme-landscape\\layout\\_partial\\article.ejs","hash":"56597e951203dd662a6d2c817c7c4f1c920d4a25","modified":1715007701548},{"_id":"node_modules\\hexo-theme-landscape\\layout\\_partial\\archive-post.ejs","hash":"c7a71425a946d05414c069ec91811b5c09a92c47","modified":1715007701477},{"_id":"node_modules\\hexo-theme-landscape\\layout\\_partial\\footer.ejs","hash":"3656eb692254346671abc03cb3ba1459829e0dce","modified":1715007701586},{"_id":"node_modules\\hexo-theme-landscape\\layout\\_partial\\gauges-analytics.ejs","hash":"21a1e2a3907d1a3dad1cd0ab855fe6735f233c74","modified":1715007701596},{"_id":"node_modules\\hexo-theme-landscape\\layout\\_partial\\google-analytics.ejs","hash":"2ea7442ea1e1a8ab4e41e26c563f58413b59a3d0","modified":1715007701601},{"_id":"node_modules\\hexo-theme-landscape\\layout\\_widget\\archive.ejs","hash":"beb4a86fcc82a9bdda9289b59db5a1988918bec3","modified":1715007701520},{"_id":"node_modules\\hexo-theme-landscape\\layout\\_partial\\mobile-nav.ejs","hash":"e952a532dfc583930a666b9d4479c32d4a84b44e","modified":1715007701623},{"_id":"node_modules\\hexo-theme-landscape\\layout\\_partial\\sidebar.ejs","hash":"930da35cc2d447a92e5ee8f835735e6fd2232469","modified":1715007701639},{"_id":"node_modules\\hexo-theme-landscape\\layout\\_widget\\category.ejs","hash":"dd1e5af3c6af3f5d6c85dfd5ca1766faed6a0b05","modified":1715007701567},{"_id":"node_modules\\hexo-theme-landscape\\layout\\_partial\\head.ejs","hash":"f05bced793b0314d4f2ef0c993b3a51d0b7d203a","modified":1715007701606},{"_id":"node_modules\\hexo-theme-landscape\\layout\\_partial\\header.ejs","hash":"6a5033d189554c9a6d42e2ef7952ae5c9742648e","modified":1715007701612},{"_id":"node_modules\\hexo-theme-landscape\\source\\css\\_extend.styl","hash":"222fbe6d222531d61c1ef0f868c90f747b1c2ced","modified":1715007701702},{"_id":"node_modules\\hexo-theme-landscape\\layout\\_widget\\recent_posts.ejs","hash":"60c4b012dcc656438ff59997e60367e5a21ab746","modified":1715007701637},{"_id":"node_modules\\hexo-theme-landscape\\layout\\_widget\\tagcloud.ejs","hash":"b4a2079101643f63993dcdb32925c9b071763b46","modified":1715007701650},{"_id":"node_modules\\hexo-theme-landscape\\source\\fancybox\\jquery.fancybox.min.css","hash":"1be9b79be02a1cfc5d96c4a5e0feb8f472babd95","modified":1715007701403},{"_id":"node_modules\\hexo-theme-landscape\\source\\css\\_variables.styl","hash":"ca28281423ae57d76b6c1eb91cd845fd4e518bd6","modified":1715007701704},{"_id":"node_modules\\hexo-theme-landscape\\layout\\_widget\\tag.ejs","hash":"2de380865df9ab5f577f7d3bcadf44261eb5faae","modified":1715007701644},{"_id":"node_modules\\hexo-theme-landscape\\source\\css\\style.styl","hash":"e55a1d92954ed20f6887f92dc727bb995a010a43","modified":1715007701738},{"_id":"node_modules\\hexo-theme-landscape\\layout\\_partial\\post\\category.ejs","hash":"c6bcd0e04271ffca81da25bcff5adf3d46f02fc0","modified":1715007701559},{"_id":"node_modules\\hexo-theme-landscape\\layout\\_partial\\post\\date.ejs","hash":"f1458584b679545830b75bef2526e2f3eb931045","modified":1715007701579},{"_id":"node_modules\\hexo-theme-landscape\\source\\js\\script.js","hash":"49773efcb2221bbdf2d86f3f5c5ff2d841b528cc","modified":1715007701692},{"_id":"node_modules\\hexo-theme-landscape\\layout\\_partial\\post\\nav.ejs","hash":"16a904de7bceccbb36b4267565f2215704db2880","modified":1715007701626},{"_id":"node_modules\\hexo-theme-landscape\\layout\\_partial\\post\\tag.ejs","hash":"2fcb0bf9c8847a644167a27824c9bb19ac74dd14","modified":1715007701641},{"_id":"node_modules\\hexo-theme-landscape\\layout\\_partial\\post\\gallery.ejs","hash":"3d9d81a3c693ff2378ef06ddb6810254e509de5b","modified":1715007701590},{"_id":"node_modules\\hexo-theme-landscape\\layout\\_partial\\post\\title.ejs","hash":"4d7e62574ddf46de9b41605fe3140d77b5ddb26d","modified":1715007701652},{"_id":"node_modules\\hexo-theme-landscape\\source\\css\\_partial\\archive.styl","hash":"db15f5677dc68f1730e82190bab69c24611ca292","modified":1715007701708},{"_id":"node_modules\\hexo-theme-landscape\\source\\css\\_partial\\article.styl","hash":"2d1f6f79ebf9cb55ebdb3865a2474437eb2b37c6","modified":1715007701711},{"_id":"node_modules\\hexo-theme-landscape\\source\\css\\_partial\\comment.styl","hash":"79d280d8d203abb3bd933ca9b8e38c78ec684987","modified":1715007701714},{"_id":"node_modules\\hexo-theme-landscape\\source\\css\\_partial\\header.styl","hash":"268d2989acb06e2ddd06cc36a6918c6cd865476b","modified":1715007701723},{"_id":"node_modules\\hexo-theme-landscape\\source\\css\\_partial\\sidebar-aside.styl","hash":"890349df5145abf46ce7712010c89237900b3713","modified":1715007701733},{"_id":"node_modules\\hexo-theme-landscape\\source\\css\\_partial\\footer.styl","hash":"e35a060b8512031048919709a8e7b1ec0e40bc1b","modified":1715007701717},{"_id":"node_modules\\hexo-theme-landscape\\source\\css\\_partial\\highlight.styl","hash":"9cc3b2927d814f2f6e8e188f9d3657b94f4c6ef3","modified":1715007701725},{"_id":"node_modules\\hexo-theme-landscape\\source\\css\\_partial\\mobile.styl","hash":"a399cf9e1e1cec3e4269066e2948d7ae5854d745","modified":1715007701731},{"_id":"node_modules\\hexo-theme-landscape\\source\\css\\_util\\grid.styl","hash":"0bf55ee5d09f193e249083602ac5fcdb1e571aed","modified":1715007701721},{"_id":"node_modules\\hexo-theme-landscape\\source\\css\\_partial\\sidebar-bottom.styl","hash":"8fd4f30d319542babfd31f087ddbac550f000a8a","modified":1715007701735},{"_id":"node_modules\\hexo-theme-landscape\\source\\css\\_util\\mixin.styl","hash":"44f32767d9fd3c1c08a60d91f181ee53c8f0dbb3","modified":1715007701729},{"_id":"node_modules\\hexo-theme-landscape\\source\\css\\_partial\\sidebar.styl","hash":"404ec059dc674a48b9ab89cd83f258dec4dcb24d","modified":1715007701736},{"_id":"node_modules\\hexo-theme-landscape\\source\\fancybox\\jquery.fancybox.min.js","hash":"6181412e73966696d08e1e5b1243a572d0f22ba6","modified":1715007701688},{"_id":"node_modules\\hexo-theme-landscape\\source\\js\\jquery-3.6.4.min.js","hash":"eda46747c71d38a880bee44f9a439c3858bb8f99","modified":1715007701681},{"_id":"node_modules\\hexo-theme-landscape\\source\\css\\images\\banner.jpg","hash":"f44aa591089fcb3ec79770a1e102fd3289a7c6a6","modified":1715007701668},{"_id":"public/2024/05/06/hello-world/index.html","hash":"54e58f8d930dc40058c9e860934569b00e1f787b","modified":1715007734251},{"_id":"public/archives/index.html","hash":"fc5c1deb0b55226efa24c43755ac8607a7769205","modified":1715007734251},{"_id":"public/archives/2024/index.html","hash":"4613391ea623f80f6b0b68066f3bb411b539ff31","modified":1715007734251},{"_id":"public/archives/2024/05/index.html","hash":"1c841152a6626d4dbfdbf90ab2c2c197fa344aac","modified":1715007734251},{"_id":"public/index.html","hash":"f6c53ef7b317c0756f6b18103039b8bdc7098d58","modified":1715007734251},{"_id":"public/fancybox/jquery.fancybox.min.css","hash":"1be9b79be02a1cfc5d96c4a5e0feb8f472babd95","modified":1715007734251},{"_id":"public/fancybox/jquery.fancybox.min.js","hash":"6181412e73966696d08e1e5b1243a572d0f22ba6","modified":1715007734251},{"_id":"public/css/style.css","hash":"ddb3792605d744ab3d9f0a649c82b62e9b16daa6","modified":1715007734251},{"_id":"public/js/jquery-3.6.4.min.js","hash":"eda46747c71d38a880bee44f9a439c3858bb8f99","modified":1715007734251},{"_id":"public/js/script.js","hash":"49773efcb2221bbdf2d86f3f5c5ff2d841b528cc","modified":1715007734251},{"_id":"public/css/images/banner.jpg","hash":"f44aa591089fcb3ec79770a1e102fd3289a7c6a6","modified":1715007734251}],"Category":[],"Data":[],"Page":[],"Post":[{"title":"Hello World","_content":"Welcome to [Hexo](https://hexo.io/)! This is your very first post. Check [documentation](https://hexo.io/docs/) for more info. If you get any problems when using Hexo, you can find the answer in [troubleshooting](https://hexo.io/docs/troubleshooting.html) or you can ask me on [GitHub](https://github.com/hexojs/hexo/issues).\n\n## Quick Start\n\n### Create a new post\n\n``` bash\n$ hexo new \"My New Post\"\n```\n\nMore info: [Writing](https://hexo.io/docs/writing.html)\n\n### Run server\n\n``` bash\n$ hexo server\n```\n\nMore info: [Server](https://hexo.io/docs/server.html)\n\n### Generate static files\n\n``` bash\n$ hexo generate\n```\n\nMore info: [Generating](https://hexo.io/docs/generating.html)\n\n### Deploy to remote sites\n\n``` bash\n$ hexo deploy\n```\n\nMore info: [Deployment](https://hexo.io/docs/one-command-deployment.html)\n","source":"_posts/hello-world.md","raw":"---\ntitle: Hello World\n---\nWelcome to [Hexo](https://hexo.io/)! This is your very first post. Check [documentation](https://hexo.io/docs/) for more info. If you get any problems when using Hexo, you can find the answer in [troubleshooting](https://hexo.io/docs/troubleshooting.html) or you can ask me on [GitHub](https://github.com/hexojs/hexo/issues).\n\n## Quick Start\n\n### Create a new post\n\n``` bash\n$ hexo new \"My New Post\"\n```\n\nMore info: [Writing](https://hexo.io/docs/writing.html)\n\n### Run server\n\n``` bash\n$ hexo server\n```\n\nMore info: [Server](https://hexo.io/docs/server.html)\n\n### Generate static files\n\n``` bash\n$ hexo generate\n```\n\nMore info: [Generating](https://hexo.io/docs/generating.html)\n\n### Deploy to remote sites\n\n``` bash\n$ hexo deploy\n```\n\nMore info: [Deployment](https://hexo.io/docs/one-command-deployment.html)\n","slug":"hello-world","published":1,"date":"2024-05-06T15:01:03.102Z","updated":"2024-05-06T14:58:34.612Z","comments":1,"layout":"post","photos":[],"_id":"clvv3bp3j0000acuqdzzj56vx","content":"<p>Welcome to <a href=\"https://hexo.io/\">Hexo</a>! This is your very first post. Check <a href=\"https://hexo.io/docs/\">documentation</a> for more info. If you get any problems when using Hexo, you can find the answer in <a href=\"https://hexo.io/docs/troubleshooting.html\">troubleshooting</a> or you can ask me on <a href=\"https://github.com/hexojs/hexo/issues\">GitHub</a>.</p>\n<h2 id=\"Quick-Start\"><a href=\"#Quick-Start\" class=\"headerlink\" title=\"Quick Start\"></a>Quick Start</h2><h3 id=\"Create-a-new-post\"><a href=\"#Create-a-new-post\" class=\"headerlink\" title=\"Create a new post\"></a>Create a new post</h3><figure class=\"highlight bash\"><table><tr><td class=\"gutter\"><pre><span class=\"line\">1</span><br></pre></td><td class=\"code\"><pre><span class=\"line\">$ hexo new <span class=\"string\">&quot;My New Post&quot;</span></span><br></pre></td></tr></table></figure>\n\n<p>More info: <a href=\"https://hexo.io/docs/writing.html\">Writing</a></p>\n<h3 id=\"Run-server\"><a href=\"#Run-server\" class=\"headerlink\" title=\"Run server\"></a>Run server</h3><figure class=\"highlight bash\"><table><tr><td class=\"gutter\"><pre><span class=\"line\">1</span><br></pre></td><td class=\"code\"><pre><span class=\"line\">$ hexo server</span><br></pre></td></tr></table></figure>\n\n<p>More info: <a href=\"https://hexo.io/docs/server.html\">Server</a></p>\n<h3 id=\"Generate-static-files\"><a href=\"#Generate-static-files\" class=\"headerlink\" title=\"Generate static files\"></a>Generate static files</h3><figure class=\"highlight bash\"><table><tr><td class=\"gutter\"><pre><span class=\"line\">1</span><br></pre></td><td class=\"code\"><pre><span class=\"line\">$ hexo generate</span><br></pre></td></tr></table></figure>\n\n<p>More info: <a href=\"https://hexo.io/docs/generating.html\">Generating</a></p>\n<h3 id=\"Deploy-to-remote-sites\"><a href=\"#Deploy-to-remote-sites\" class=\"headerlink\" title=\"Deploy to remote sites\"></a>Deploy to remote sites</h3><figure class=\"highlight bash\"><table><tr><td class=\"gutter\"><pre><span class=\"line\">1</span><br></pre></td><td class=\"code\"><pre><span class=\"line\">$ hexo deploy</span><br></pre></td></tr></table></figure>\n\n<p>More info: <a href=\"https://hexo.io/docs/one-command-deployment.html\">Deployment</a></p>\n","excerpt":"","more":"<p>Welcome to <a href=\"https://hexo.io/\">Hexo</a>! This is your very first post. Check <a href=\"https://hexo.io/docs/\">documentation</a> for more info. If you get any problems when using Hexo, you can find the answer in <a href=\"https://hexo.io/docs/troubleshooting.html\">troubleshooting</a> or you can ask me on <a href=\"https://github.com/hexojs/hexo/issues\">GitHub</a>.</p>\n<h2 id=\"Quick-Start\"><a href=\"#Quick-Start\" class=\"headerlink\" title=\"Quick Start\"></a>Quick Start</h2><h3 id=\"Create-a-new-post\"><a href=\"#Create-a-new-post\" class=\"headerlink\" title=\"Create a new post\"></a>Create a new post</h3><figure class=\"highlight bash\"><table><tr><td class=\"gutter\"><pre><span class=\"line\">1</span><br></pre></td><td class=\"code\"><pre><span class=\"line\">$ hexo new <span class=\"string\">&quot;My New Post&quot;</span></span><br></pre></td></tr></table></figure>\n\n<p>More info: <a href=\"https://hexo.io/docs/writing.html\">Writing</a></p>\n<h3 id=\"Run-server\"><a href=\"#Run-server\" class=\"headerlink\" title=\"Run server\"></a>Run server</h3><figure class=\"highlight bash\"><table><tr><td class=\"gutter\"><pre><span class=\"line\">1</span><br></pre></td><td class=\"code\"><pre><span class=\"line\">$ hexo server</span><br></pre></td></tr></table></figure>\n\n<p>More info: <a href=\"https://hexo.io/docs/server.html\">Server</a></p>\n<h3 id=\"Generate-static-files\"><a href=\"#Generate-static-files\" class=\"headerlink\" title=\"Generate static files\"></a>Generate static files</h3><figure class=\"highlight bash\"><table><tr><td class=\"gutter\"><pre><span class=\"line\">1</span><br></pre></td><td class=\"code\"><pre><span class=\"line\">$ hexo generate</span><br></pre></td></tr></table></figure>\n\n<p>More info: <a href=\"https://hexo.io/docs/generating.html\">Generating</a></p>\n<h3 id=\"Deploy-to-remote-sites\"><a href=\"#Deploy-to-remote-sites\" class=\"headerlink\" title=\"Deploy to remote sites\"></a>Deploy to remote sites</h3><figure class=\"highlight bash\"><table><tr><td class=\"gutter\"><pre><span class=\"line\">1</span><br></pre></td><td class=\"code\"><pre><span class=\"line\">$ hexo deploy</span><br></pre></td></tr></table></figure>\n\n<p>More info: <a href=\"https://hexo.io/docs/one-command-deployment.html\">Deployment</a></p>\n"}],"PostAsset":[],"PostCategory":[],"PostTag":[],"Tag":[]}}